num_processes,dot_product_time,convolution_time
1,0.238036,0.065144
2,0.206279,0.042944
4,0.074350,0.031596
8,0.076932,0.023931